id;uuid;action_type;name;enabled;category_id;mcc;default_order_id;icon_url;regions;tags;source;process_id;added_date;updated_date
1;9c07b728-587f-4532-8555-5bf7e174c4b4;BILLPAY;Principal Credit Card Account Buckinghamshire;true;b7ac786f-9048-4381-b6e9-b27b8aa7a06e;Fantastic Plastic Bike;45904;Fully-configurable transmitting;infomediaries;Specialist Bypass;e-services synthesize overriding;deposit Concrete overriding;2021-03-23T21:35:20;2021-03-23T21:25:33
2;43e702b7-da38-4a10-8575-dc3da2c38f91;BILLPAY;e-enable;true;bd1eb256-9d01-4844-9bc6-b31fe713444e;systematic;20666;Avon;Quality generating Handmade Soft Fish;Engineer;Automotive;Buckinghamshire;2021-03-23T14:49:43;2021-03-23T21:42:16
3;a7ff7273-cf63-44ab-8881-d88d29941399;BILLPAY;Avon invoice copying;true;4d387529-ef5a-4ed8-b1c1-0ad3e837b0c5;Automotive;78819;Officer Group;Cambodia Gorgeous;haptic Object-based monitor;Unbranded Granite Car SDR Kansas;deliverables Rubber Sleek;2021-03-23T20:35:12;2021-03-23T22:11:43
4;b6df64f9-43c3-46cb-93d4-ffed4810f583;BILLPAY;reboot reintermediate;false;32de01a7-6ad0-431b-9d1b-40b87ade6f46;Integration Guinea-Bissau;82161;Iowa;Generic Concrete Soap;Handcrafted Wooden Hat attitude-oriented Crossroad;deposit Agent indexing;ubiquitous Belarussian Ruble Administrator;2021-03-23T15:56:02;2021-03-23T11:55:02
5;43acef13-801c-44af-b7a0-43a00a713ec4;BILLPAY;Ridge mint green;true;c738c681-39d7-4a43-b0fe-77f431aec48a;convergence;38166;payment Uzbekistan Sum;Pound Sterling;Cambridgeshire Buckinghamshire;high-level;Ergonomic Soft Salad Web;2021-03-23T20:17:15;2021-03-23T17:14:15
6;f94ff8d1-f5c5-4e0f-a123-a3efa38fb082;BILLPAY;teal reintermediate;true;a3df342f-d867-4d58-85d2-2393c325b27c;Square;93715;Practical;hacking Practical Wooden Chips Fresh;platforms Product Central;eyeballs architectures static;cutting-edge EXE;2021-03-23T20:45:40;2021-03-24T03:18:23
7;267847d0-310f-432d-8b6a-0c18867ec3d8;BILLPAY;Borders;true;c3efb2a7-469f-44df-a62a-40ee7f23b350;Soap distributed bandwidth;18741;Rapid Guyana Dollar;Senior Massachusetts;viral Investment Account haptic;transform Global;gold;2021-03-23T21:51:18;2021-03-23T11:58:06
8;7fa582b0-2f0f-477d-ac42-055d04f71aec;BILLPAY;Vermont Beauty;false;27b49d8d-1e6b-411b-8538-b6084167ff96;Harbor;71221;Street paradigms;value-added Handcrafted Steel Chips Chips;Tanzania payment e-business;backing up;Ergonomic application;2021-03-23T15:38:04;2021-03-23T13:21:15
9;08fb1680-6c69-4479-9e9b-cccdece471a7;BILLPAY;Tasty;false;66bee4ea-b4b0-4a65-8639-2e27df98127d;Fish;74064;Product;Agent Towels;quantifying copy back-end;programming;action-items Face to face neural;2021-03-24T01:15:33;2021-03-23T05:18:57
10;cb6cc4f0-e28a-4d8e-91b0-7b6031f50531;BILLPAY;hacking;false;9dd6e21f-47b9-467c-83b2-271300ea1f58;Car;80364;bypass parallelism;Soft;lime Executive;invoice;panel Technician;2021-03-23T16:48:33;2021-03-23T11:38:38
